course_id,course_name,skill,difficulty,duration_hours,provider,prerequisite,description,rating
IGOT-PY-101,Python Foundations for Public Data Analysis,python_score,Beginner,20,iGOT Karmayogi,Basic Computer Literacy,"Introduction to Python data structures, pandas, and data cleaning tailored for civil servants working with survey tables.",4.7
NSSTA-PY-201,Applied Python for National Sample Survey Analysis,python_score,Developing,35,NSSTA,Python Foundations (IGOT-PY-101),"Processing NSS microdata, handling large survey weights, and automating multi-stage tabulations using Python.",4.9
NSSTA-PY-301,Advanced Statistical Computing and Machine Learning with Python,python_score,Proficient,45,NSSTA,Applied Python (NSSTA-PY-201),"Building predictive econometric models, nowcasting macroeconomic indicators, and anomaly detection in price index data.",4.8
IGOT-SQL-101,Relational Databases and SQL Essentials for Governance,sql_score,Beginner,15,iGOT Karmayogi,None,"Fundamental SQL querying, filtering, table joins, and aggregations for government registry data management.",4.6
NSSTA-SQL-201,SQL for Statistical Data Warehousing and Aggregation,sql_score,Developing,25,NSSTA,SQL Essentials (IGOT-SQL-101),"Complex subqueries, window functions, and indexing strategies for Census and Annual Survey of Industries (ASI) repositories.",4.8
IGOT-SQL-301,Enterprise Database Optimization & Pipeline Management,sql_score,Advanced,30,iGOT Karmayogi,SQL for Statistical Data Warehousing,"Query optimization, partitioning, automated ETL pipeline design, and data governance standards.",4.7
NSSTA-STAT-101,Fundamentals of Official Statistics & Probability,statistical_analysis_score,Beginner,25,NSSTA,Basic Mathematics,"Core concepts of probability distributions, hypothesis testing, confidence intervals, and Indian statistical system framework.",4.9
NSSTA-STAT-201,Sampling Techniques & Multi-Stage Survey Design,statistical_methods_score,Developing,40,NSSTA,Fundamentals of Official Statistics,"Stratified random sampling, cluster sampling, PPS sampling, multiplier calculation, and variance estimation in survey rounds.",5.0
IGOT-STAT-301,Econometric Time Series Analysis & Forecasting,statistical_analysis_score,Proficient,35,iGOT Karmayogi,Statistical Methods Intermediate,"ARIMA, seasonal adjustment, unit root tests, and inflation / IIP trend forecasting methods.",4.8
NSSTA-STAT-401,National Accounts Statistics & SUT Framework,statistical_methods_score,Advanced,50,NSSTA,Advanced Statistical Analysis,"Compilation of GDP, GVA, Supply and Use Tables (SUT), System of National Accounts (SNA 2008), and institutional sector accounts.",4.9
IGOT-VIZ-101,Data Storytelling and Dashboarding with Power BI / Tableau,data_visualization_score,Beginner,18,iGOT Karmayogi,Basic Excel,"Principles of executive dashboards, chart selection, and KPI cards for district and state progress monitoring.",4.7
NSSTA-VIZ-201,Geospatial Visualizations & Statistical Thematic Mapping,data_visualization_score,Developing,28,NSSTA,Data Storytelling (IGOT-VIZ-101),"GIS mapping, choropleth maps, district-level indicator disaggregation, and interactive portal displays using QGIS and Python.",4.8
IGOT-VIZ-301,Interactive Statistical Infographics & Public Dissemination,data_visualization_score,Proficient,22,iGOT Karmayogi,Dashboarding Foundations,Designing accessible web visualizations conforming to GIGW guidelines and open government data (data.gov.in) standards.,4.6
NSSTA-COL-101,Computer-Assisted Personal Interviewing (CAPI) Standards,data_collection_score,Beginner,20,NSSTA,None,"Digital questionnaire administration, tablet validation checks, GPS tagging, and ethical interview protocols in field surveys.",4.9
NSSTA-COL-201,Supervisory Controls & Rapid Field Audit Mechanisms,data_collection_score,Developing,25,NSSTA,CAPI Standards (NSSTA-COL-101),"Back-checking methodologies, spot-checking protocols, and field officer feedback loops in large-scale socio-economic rounds.",4.8
NSSTA-QUAL-101,"Statistical Data Editing, Imputation, & Scrutiny Protocols",data_quality_score,Beginner,22,NSSTA,Fundamentals of Official Statistics,"Logical scrutiny rules, outlier detection, cold-deck and hot-deck imputation techniques for official surveys.",4.9
IGOT-QUAL-201,National Data Governance & Quality Assurance Frameworks,data_quality_score,Proficient,30,iGOT Karmayogi,Statistical Scrutiny Protocols,"ISO and UN National Quality Assurance Frameworks (NQAF), metadata standards, and data confidentiality laws in India.",4.7
IGOT-COMM-101,Effective Statistical Report Writing & Policy Briefs,communication_score,Beginner,16,iGOT Karmayogi,None,"Translating quantitative statistical tables into concise policy memos, executive summaries, and press notes.",4.8
NSSTA-COMM-201,Stakeholder Dissemination & Statistical Consultation,communication_score,Developing,20,NSSTA,Effective Statistical Report Writing,"Conducting user-producer workshops, press conferences for key economic releases, and managing parliamentary queries.",4.7
